{"class_priors": {"Iris-versicolor": 0.3333333333333333, "Iris-virginica": 0.3333333333333333, "Iris-setosa": 0.3333333333333333}, "class_params": {"Iris-versicolor": {"means": [6.01, 2.7800000000000002, 4.3175, 1.35], "vars": [0.27374358974358975, 0.11087179487179487, 0.20353205128205132, 0.04307692307692307]}, "Iris-virginica": {"means": [6.6225000000000005, 2.96, 5.6075, 1.9899999999999998], "vars": [0.46794230769230777, 0.11323076923076922, 0.3453269230769231, 0.07425641025641025]}, "Iris-setosa": {"means": [5.0375, 3.4400000000000004, 1.4625, 0.2325], "vars": [0.1311217948717949, 0.13271794871794873, 0.029583333333333333, 0.009942307692307693]}}}